Class; Value; Class start; Class end;
1;30656473;0.000013935255;1.946925912525;
2;3254;1.946925912525;3.893837889796;
3;2082;3.893837889796;5.840749867066;
4;306;5.840749867066;7.787661844337;
5;1195;7.787661844337;9.734573821607;
6;34;9.734573821607;11.681485798877;
7;0;11.681485798877;13.628397776148;
8;114;13.628397776148;15.575309753418;
