Class; Value; Class start; Class end;
1;25437878;0.000011424449;0.125009996393;
2;2425359;0.125009996393;0.250008568337;
3;959680;0.250008568337;0.375007140281;
4;684816;0.375007140281;0.500005712225;
5;597677;0.500005712225;0.625004284169;
6;387412;0.625004284169;0.750002856112;
7;120936;0.750002856112;0.875001428056;
8;49700;0.875001428056;1.000000000000;
